{"foreground_weight": 10.0, "min_object_size": 6.0, "avg_object_size_z": null, "avg_object_size_y": 20.790221750412833, "avg_object_size_x": 21.24646142958245, "stdev_object_size_z": null, "stdev_object_size_y": 10.222439973044102, "stdev_object_size_x": 11.145748482221023, "n_z": null, "n_y": 1024.0, "n_x": 1024.0, "one_hot": false, "avg_background_intensity": [187.72246718909798, 133.31989443261358, 168.82926682267234], "project_name": "monuseg-2018", "data_type": "8-bit"}